Row Labels,Count of Suburb,Average of Price,Average of Vehicle Age
actbarton,1,20000,11
actbelconnen,137,32343.08029,4.759124088
actbonython,1,36500,3
actbraddon,2,11100,10
actbruce,1,10000,17
actcalwell,2,43745,9
actcampbell,4,13250,14
actcanberra,12,34289.08333,9.416666667
actcapital hill,1,10500,8
actcharnwood,1,10000,9
actchisholm,2,13245,13.5
actcook,2,33000,7
actcoombs,1,38900,1
actcrace,2,12000,9
actcurtin,3,23830,8.333333333
actdickson,1,38000,1
actdowner,3,9298.333333,15.33333333
actfadden,1,42000,6
actflorey,1,3500,20
actfyshwick,253,31359.67194,9.37944664
actgarran,1,17500,7
actgordon,1,19500,15
actgreenway,49,30607.95918,4.469387755
actgriffith,3,30059.66667,6
actgungahlin,36,32010.05556,5.055555556
actharrison,1,6900,13
acthume,10,28392,6.6
actkambah,3,13490,10.33333333
actkingston,2,13100,12
actlennock hyundaiphillip,16,20056.1875,6.8125
actlyons,1,11000,12
actmacgregor,2,25249.5,8.5
actmitchell,2,19490,10
actmoncrieff,1,9500,13
actngunnawal,1,11000,11
actpearce,1,24990,5
actphillip,366,35056.50416,5.521857923
actreid,1,16000,3
actsymonston,1,23000,4
acttaylor,1,27000,7
acttorrens,1,55000,6
acttuggeranong,1,28000,3
actturner,1,10990,10
actwaramanga,1,59500,6
actweetangera,1,16000,6
actweston,1,35000,3
actwoden,1,16000,10
actyarralumla,3,34166.66667,7
hyundaicol crawford mg,4,21865,4.25
nswabbotsford,1,12000,10
nswaberglasslyn,1,28000,5
nswadamstown,13,11182.30769,10
nswalbion park,160,27709.21875,4.2125
nswalbion park rail,28,23347.14286,6.25
nswalbury,5,20298,8.8
nswalexandria,52,94567.96154,5.365384615
nswalfords point,2,33000,5.5
nswallambie,3,6333.333333,12.66666667
nswalto skoda artarmonartarmon,8,36089.5,4.875
nswambarvale,1,18000,6
nswannandale,1,14990,8
nswargyle,2,6495,12.5
nswarmidale,87,22833.18605,9.367816092
nswarncliffe,144,25724.09722,9.368055556
nswarndell park,37,29279.72973,5.945945946
nswarrawarra,1,22000,18
nswartarmon,178,61643.86517,6.730337079
nswashfield,2,33500,10.5
nswashtonfield,1,9250,12
nswauburn,54,43002.85185,10.05555556
nswaustinmer,1,18400,2
nswavoca,1,8000,18
nswavoca beach,1,3500,18
nswballina,19,16502.77778,12.47368421
nswbangalow,1,28000,10
nswbanksia,1,10500,8
nswbanksmeadow,5,15450,12.2
nswbankstown,108,22480.92593,7.685185185
nswbankstown square,1,6000,9
nswbarden ridge,1,18500,10
nswbarrack heights,1,5300,12
nswbass hill,35,12331.91429,13.82857143
nswbatehaven,1,17000,8
nswbatemans bay,34,30386.17647,7.5
nswbatemans bay toyotabatemans bay,4,27663.5,2.25
nswbathurst,33,27903.33333,7.121212121
nswbaulkham hills,18,98563.83333,20.44444444
nswbawley point,1,3600,24
nswbayview,1,16900,9
nswbeaumont hills,1,64550,5
nswbeecroft,1,14500,6
nswbega,20,26127.25,5.4
nswbelfield,1,14999,7
nswbellingen,2,8000,13.5
nswbelmont,4,20250,7.5
nswbelmore,31,35735.93548,4.935483871
nswbelrose,2,24200,7.5
nswbendemeer,1,41000,14
nswbensville,2,11700,8
nswberala,1,11500,12
nswberesfield,48,23491.66667,8.458333333
nswberkeley vale,3,7656.666667,15.33333333
nswberowra,3,39333.33333,7
nswberry,1,21500,9
nswbeverly hills,18,17712.22222,9.222222222
nswbexley,3,16916.66667,11.33333333
nswbilambil heights,2,10350,17
nswbilgola,2,20990,11
nswbilpin,2,12250,17.5
nswblacktown,286,28935.91228,7.234265734
nswblakehurst,31,74793.83871,5.774193548
nswblayney,1,27999,4
nswbligh park,1,67950,4
nswblue haven,2,28250,9.5
nswboambee,1,18990,6
nswboambee east,2,46500,8
nswboat harbour,1,17999,13
nswbobbin head,1,13950,9
nswbogangar,1,36900,6
nswbomaderry,1,15000,7
nswbondi,1,12000,12
nswbondi beach,3,15483.33333,12.33333333
nswbonnet bay,1,37990,3
nswbonny hills,1,49000,2
nswbonnyrigg heights,1,12800,16
nswbonville,2,7250,12
nswbooker bay,2,13420,11.5
nswbooth's motor group north gosford usednorth gosford,5,21590,6.8
nswbooth's motor group tuggerah usedtuggerah,9,24711.11111,5.555555556
nswbossley park,1,32999,4
nswbotany,2,24950,8
nswbowen mountain,2,14245,13.5
nswbowenfels,1,23000,8
nswbowral,7,20907.14286,8.857142857
nswbox hill,2,14700,10
nswbradbury,2,4000,18.5
nswbrandy hill,1,30000,7
nswbreakfast point,1,11500,13
nswbrighton-le-sands,7,26070,9.285714286
nswbroadmeadow,23,13688.3913,11.47826087
nswbroadwater,1,19800,14
nswbroken hill,2,13000,23
nswbrooklana,1,8500,13
nswbrookvale,160,31568.8625,7.28125
nswbucca,1,6200,12
nswbudgewoi,1,34000,5
nswbundanoon,2,35495,8
nswbungarribee,1,49990,1
nswbungendore,3,18653.33333,11.66666667
nswburraneer,1,7800,21
nswburrill lake,2,60000,11
nswburwood,21,56950.47619,8.523809524
nswcabramatta,63,16290.53968,10.82539683
nswcalderwood,1,60000,9
nswcamden,83,11889.66265,12.28915663
nswcamden park,1,75000,4
nswcameron park,2,18750,7
nswcammeray,1,24750,12
nswcampbelltown,224,24363.71429,10.66071429
nswcampsie,2,23995,6.5
nswcanada bay,2,24624,13
nswcanley heights,1,56777,3
nswcanley vale,14,9946.571429,13.28571429
nswcanowindra,1,42000,3
nswcanterbury,3,6960,17.66666667
nswcardiff,319,21681.52215,8.724137931
nswcardiff hyundai used carscardiff,6,30887.83333,3.333333333
nswcaringbah,37,50195.40541,7.054054054
nswcaringbah south,1,11995,8
nswcarlingford,6,28450,8.166666667
nswcarlton,2,12750,16
nswcarramar,1,10800,14
nswcasino,2,18245,9
nswcastle cove,1,29750,20
nswcastle hill,261,36413.88934,6.37164751
nswcasuarina,1,11500,17
nswcasula,3,17496.66667,6
nswcasula mall,1,9900,8
nswcaves beach,1,41990,9
nswcawdor,1,11000,11
nswcecil hills,1,59880,5
nswcessnock,64,37060.15625,6.734375
nswcharlestown,3,35496.66667,13.33333333
nswchatswood,150,47722.94667,5.513333333
nswcheltenham,2,42725,5.5
nswcherrybrook,3,17130,12.33333333
nswchester hill,1,28500,14
nswchipping norton,49,57775.10204,17.12244898
nswchisholm,2,62500,6
nswchittaway bay,1,13000,14
nswchullora,85,47148.21429,4.929411765
nswclarence,1,1500,14
nswclemton park,3,20766.66667,7.666666667
nswclothiers creek,1,89000,6
nswclyde,58,24665.66667,11.12068966
nswcobbitty,2,24000,12.5
nswcoffs harbour,127,33589.0873,6.866141732
nswcoffs harbour jetty,1,4800,15
nswcoffs harbour plaza,1,7750,12
nswcoledale,1,21500,8
nswcollaroy,1,11999,13
nswconcord,71,42659.40845,10.04225352
nswconcord west,1,20900,8
nswcondell park,15,31160.66667,9.2
nswconiston,1,7990,15
nswcoogee,4,16997.5,14.5
nswcoolamon,2,11500,11.5
nswcoolatai,1,7899,12
nswcooma,3,12850,12
nswcoonamble,1,26000,10
nswcooranbong,1,118000,4
nswcorlette,1,27000,5
nswcorowa,3,17000,7.666666667
nswcorrimal,1,27000,6
nswcranebrook,3,43663.33333,7
nswcremorne point,1,4500,18
nswcromer,4,37374.75,7.5
nswcronulla,3,28496.66667,5
nswcrookwell,22,29809.09091,6.636363636
nswcroydon,105,29841.19048,8.885714286
nswcroydon park,2,38375,6.5
nswcudgen,1,29000,8
nswdapto,30,23982.36667,9.9
nswdarling point,1,26800,5
nswdavidson,1,32000,8
nswdawes point,1,11800,10
nswdee why,2,12850,10.5
nswdenham court,1,3000,22
nswdeniliquin,1,12500,12
nswdoonside,2,13000,8.5
nswdover heights,17,35564.70588,7.470588235
nswdubbo,101,29640.87129,8.346534653
nswdulwich hill,3,11333.33333,11
nswdunbogan,1,65375,2
nsweagle vale,1,15000,10
nswearlwood,3,20966.66667,17.66666667
nsweast ballina,1,19990,7
nsweast hills,2,7325,16.5
nsweast killara,1,19000,4
nsweast lismore,1,4800,21
nsweast maitland,178,27558.34831,6.870786517
nsweastern creek,13,22943.84615,12.23076923
nsweastgardens,2,24000,6.5
nsweastlakes,1,9700,17
nsweastwood,1,3000,16
nswebenezer,1,18000,11
nsweden,1,26000,9
nswedensor park,3,16833.33333,14
nswedgeworth,30,15444.3,12.36666667
nswedmondson park,1,165000,4
nswelanora heights,3,17833.33333,12
nsweleebana,1,13500,8
nswemerald beach,1,9000,14
nswemerton,1,42000,19
nswempire bay,1,14500,7
nswengadine,2,23745,7
nswenmore,1,7100,9
nswerina,16,36542.4375,8
nswermington,4,25094.5,8
nswerskineville,1,14000,7
nsweschol park,1,107000,1
nswevans head,1,12900,12
nswfairfield,1,30000,10
nswfairfield east,1,26000,6
nswfairfield west,1,12000,11
nswfairy meadow,5,13395,9.6
nswfarmborough heights,1,27000,8
nswfaulconbridge,1,7000,21
nswfern bay,1,41500,8
nswfigtree,6,30083.33333,7.666666667
nswfingal head,1,21500,8
nswfive dock,222,34087.68493,11.1036036
nswfletcher,2,54950,8.5
nswflynns beach,1,20000,7
nswforbes,1,45400,9
nswforest lodge,2,37475,9
nswforestville,1,9500,8
nswforresters beach,2,35450,7
nswforster,2,14449.5,12
nswfrenchs forest,1,20500,4
nswgateshead,47,41180.87234,5.234042553
nswgeissler motors goulburn (used)goulburn,12,20656.66667,7.5
nswgeorges hall,1,30500,5
nswgerogery,1,24500,7
nswgirraween,1,32880,8
nswgladesville,2,44825,8
nswglebe,17,43867.05882,7.941176471
nswgledswood hills,1,37500,7
nswglen innes,2,12650,11
nswglendale,40,22912.7,6.2
nswglendenning,1,17000,17
nswglenfield,4,12650,11.75
nswglenfield park,3,32006,11.66666667
nswglenhaven,1,19999,6
nswglenmore park,5,27880,6.6
nswglenwood,5,18539.8,12.8
nswgoogong,1,45000,3
nswgoonellabah,1,37000,5
nswgordon,2,27500,6
nswgosford,18,32289.05556,7.444444444
nswgoulburn,111,33424.03604,6.072072072
nswgrafton,25,33080.8,5.36
nswgranville,176,26101.84659,9.5
nswgrassy head,1,16000,11
nswgravesend,2,4990,19
nswgreen valley,2,29000,6
nswgreenacre,136,29294.02206,8.860294118
nswgreenhills beach,1,24000,5
nswgregory hills,2,62495,7.5
nswgreystanes,12,14065.91667,11.91666667
nswgriffith,11,30712.72727,7.181818182
nswguildford,44,32065.27273,5.159090909
nswgulmarrad,1,67500,12
nswgundagai,3,21833.33333,7.666666667
nswgunnedah,2,31250,7
nswgurrundah,2,1200,18
nswgymea,1,2999,22
nswgymea bay,2,44500,5.5
nswhaberfield,88,27960.95455,12.77272727
nswhallidays point,1,54000,3
nswhamilton,127,37821.68504,5.559055118
nswhamilton east,1,5850,17
nswhamilton north,116,17127.93103,12.07758621
nswhamilton south,4,8125,19.25
nswhamilton valley,1,9000,14
nswhamlyn terrace,2,44000,6.5
nswharrington,13,10896.15385,15.15384615
nswhaymarket,2,25000,11
nswhazelbrook,1,30000,7
nswheatherbrae,23,32295.65217,6.347826087
nswhelensburgh,1,24000,7
nswhighway ford and hyundai usedrutherford,4,25334,4.75
nswhill top,1,16500,4
nswhillsdale,1,15000,8
nswhinchinbrook,2,8245,9
nswhomebush,137,25436.0292,9.372262774
nswhomebush bay,1,43000,5
nswhomebush west,15,24923.06667,12.93333333
nswhornsby,12,24274.16667,8.25
nswhoskinstown,2,2500,22
nswhunters hill,1,12000,16
nswhurstville,4,24750,7
nswillawong,1,69000,4
nswingleburn,38,22482.89474,11.5
nswinverell,2,25324.5,15
nswislington,6,18666,12.83333333
nswjamisontown,1,14500,7
nswjannali,2,39500,14.5
nswjerrabomberra,4,22362.5,10.5
nswjesmond,1,19000,6
nswjewells,1,9000,14
nswjilliby,1,38500,8
nswjindabyne,1,25900,7
nswkandos,1,8500,13
nswkarabar,1,10800,11
nswkariong,4,12095,12
nswkaruah,1,20000,11
nswkearsley,1,18000,7
nswkeiraville,1,51500,5
nswkellyville,6,26785,8.333333333
nswkellyville ridge,2,10000,12.5
nswkelso,18,30217.22222,4.611111111
nswkempsey,17,40105.11765,6.058823529
nswkew,1,35500,2
nswkiama,2,38000,8
nswkiama downs,1,25000,5
nswkillara,1,17500,7
nswkillarney heights,2,19250,17
nswkillarney vale,1,16990,7
nswkillcare heights,1,58995,2
nswkincumber,5,30497,6.8
nswkings langley,3,20666.66667,8
nswkings park,1,51000,6
nswkingscliff,2,25000,7.5
nswkingsford,2,44994.5,3
nswkingsgrove,1,38990,6
nswkingswood,93,31551.05376,6.053763441
nswkirrawee,45,30768.44444,6.422222222
nswkloster hyundai hamilton - usedhamilton,5,30669.8,4.4
nswkogarah,15,11250,12.53333333
nswkogarah bay,1,238000,13
nswkooragang,1,4690,18
nswkotara,1,25000,7
nswkurnell,1,42250,6
nswkurrajong,1,16500,7
nswkurri kurri,38,6739.324324,15.52631579
nswlake cathie,1,19999,8
nswlake haven,3,10566.66667,9
nswlake illawarra,1,14900,10
nswlake munmorah,3,25666.66667,9.333333333
nswlakemba,2,8995,10.5
nswlambton,22,37675,9.5
nswlancaster motor groupsingleton,3,23990,4.666666667
nswlane cove,1,19900,10
nswlane cove north,1,51900,4
nswlane cove west,1,53000,6
nswlansvale,83,16928.61446,11.39759036
nswlaurieton,1,23500,6
nswlavington,67,44647.50746,6.47761194
nswleeton,1,4500,15
nswleichhardt,48,16033.10417,12.47916667
nswlennox head,2,14500,28.5
nswlethbridge park,1,45500,4
nswleumeah,60,10235,14.43333333
nswleura,1,27500,6
nswlidcombe,49,10612.20408,14.06122449
nswlimeburners creek,1,65000,12
nswlindfield,30,63332.86667,4.166666667
nswlisarow,5,35990,12.2
nswlismore,62,27890,7.903225806
nswlithgow,26,31225.96154,6.192307692
nswlittle hartley,1,21990,9
nswliverpool,196,31597.20918,7.229591837
nswlockhart,1,8500,12
nswloftville,8,47879.125,6.375
nswlong jetty,1,45750,8
nswlongueville,1,43500,3
nswloomberah,1,95000,3
nswlorn,1,49490,5
nswluddenham,1,15200,7
nswlurnea,2,13900,10.5
nswmacksville,74,14840.81081,13.09459459
nswmaclean,1,10450,6
nswmacmasters beach,1,6500,13
nswmacquarie fields,1,13000,8
nswmacquarie park,2,23288,6
nswmaitland,59,28607.50847,6.355932203
nswmalabar,1,21800,6
nswmalua bay,1,10000,21
nswmanahan,3,6443.333333,14
nswmanly,4,18837.25,10.75
nswmanly vale,1,3200,22
nswmarayong,2,9700,12.5
nswmaroubra,6,24024.66667,7.333333333
nswmarrickville,16,158041.4375,6.75
nswmarsden park,3,54496.66667,4.333333333
nswmarsfield,1,60000,2
nswmartinsville,1,30000,2
nswmaryville,160,23027.0375,8.05
nswmascot,51,39038.2549,8.901960784
nswmatcham,1,70995,2
nswmayfield,16,19290.25,9.9375
nswmayfield east,23,14250.86957,12.13043478
nswmayfield west,80,20887.55128,9.7375
nswmays hill,1,18500,7
nswmcgraths hill,83,33650.91566,7.506024096
nswmeadowbank,2,43750,6
nswmedlow bath,14,18261.42857,13.92857143
nswmedowie,3,46066.66667,8.333333333
nswmenai,3,47990,5
nswmerrylands,13,12940.66667,14.69230769
nswmerrylands west,1,28500,6
nswmichelago,1,40500,8
nswmiedecke motor groupport macquarie,10,23790,6.7
nswmilperra,2,39995,6
nswminchinbury,1177,17308.86905,11.37043331
nswminto,107,17062.03738,12.47663551
nswmiranda,3,41166.66667,7
nswmittagong,1,28500,7
nswmollymook beach,1,28500,7
nswmona vale,2,44495,14
nswmonterey,2,21340,9.5
nswmoorebank,35,25390.05714,5.257142857
nswmoree,13,49470.76923,7.538461538
nswmorisset,1,29999,9
nswmoruya,7,38262.57143,6.428571429
nswmosman,35,51752.25714,4.828571429
nswmoss vale,49,37026.97917,5.469387755
nswmount annan,3,29483.33333,9.333333333
nswmount druitt,3,22000,10
nswmount pritchard,2,24000,7
nswmount warrigal,1,16500,11
nswmudgee,1,15200,5
nswmullumbimby,1,3500,18
nswmungindi,1,28000,7
nswmurwillumbah,2,22999.5,6.5
nswmuswellbrook,2,34745,7.5
nswnambucca heads,1,10000,28
nswnarellan,54,32159.87037,6.37037037
nswnarrabeen,1,46000,4
nswnarrabri,13,27220.76923,7.846153846
nswnelson bay,1,37950,18
nswnew lambton,40,38958.75,8.5
nswnewcastle,10,31839.9,14.4
nswnewcastle west,7,60380,5.714285714
nswnewee creek,1,10490,8
nswnewport,7,13710,13.14285714
nswniagara park,1,18000,9
nswnoraville,1,10000,14
nswnorth arm cove,2,32500,11.5
nswnorth gosford,22,31047.54545,7.636363636
nswnorth lambton,1,10500,11
nswnorth narrabeen,27,28039.85185,6.481481481
nswnorth nowra,1,23000,5
nswnorth parramatta,3,16199.66667,14.66666667
nswnorth richmond,2,32200,6.5
nswnorth rocks,1,5999,11
nswnorth ryde,3,18628.33333,7.333333333
nswnorth st marys,2,8500,14
nswnorth strathfield,45,33294.93333,8.911111111
nswnorth sydney,1,5950,26
nswnorth willoughby,1,9100,9
nswnorth wollongong,4,16620,7.75
nswnorthmead,3,18028.33333,9.333333333
nswnowra,86,26495.69767,6.88372093
nswoak flats,13,7862.166667,16.15384615
nswoakville,1,23500,10
nswoatley,2,32990,8.5
nswocean shores,2,35500,8
nsworan park,5,21780,9.8
nsworange,10,18855.9,9.1
nsworchard hills,1,14000,6
nswoyster bay,2,71775,11
nswpaddington,1,17900,7
nswpadstow,49,37360,8.306122449
nswpanania,1,29000,5
nswparramatta,124,47216.58824,5.758064516
nswpeakhurst,10,24318,9.8
nswpeakhurst heights,1,37500,7
nswpendle hill,16,16307.5,6.625
nswpeninsula motor group usedbankstown,23,22990,4.347826087
nswpennant hills,74,43385.23611,4.540540541
nswpenrith,258,33425.86047,7.391472868
nswpetersham,14,36878.57143,16
nswpicnic point,1,5700,13
nswport macquarie,290,37244.85866,6.479310345
nswportland,1,11000,8
nswpotts point,1,5300,8
nswprestons,1,22999,10
nswpunchbowl,4,25625,9
nswpymble,5,27500,7.2
nswpyrmont,1,25000,11
nswquakers hill,6,18133.33333,10.66666667
nswqueanbeyan,6,16546,10
nswqueanbeyan east,2,10750,13
nswqueanbeyan west,1,32900,2
nswqueenscliff,1,3600,21
nswquirindi,2,19995,7.5
nswraby,4,30125,12.75
nswrandwick,7,25328.57143,9.857142857
nswrathmines,1,30000,8
nswraworth,1,9999,9
nswraymond terrace,3,6300,20
nswraymond terrace east,1,2700,19
nswredfern,2,15725,14
nswredhead,1,8000,8
nswregentville,1,46000,6
nswrenwick,1,73000,1
nswrevesby,95,19653.58947,10.78947368
nswrevesby heights,1,58990,3
nswrhodes,1,50990,6
nswrichmond,34,32109.09091,7.088235294
nswriverstone,5,15099.8,9.6
nswriverview,1,74250,4
nswriverwood,3,10499.66667,16.66666667
nswrockdale,3,24000,8
nswrooty hill,5,14319.8,10.2
nswropes crossing,3,23100,8.666666667
nswrose bay,1,56800,4
nswrose bay north,2,7750,9
nswrosebery,25,34583,5.2
nswrosehill,2,20250,4
nswroselands,40,79564.875,10.875
nswroseville,4,32855.75,5.75
nswrouse hill,3,36998,7.333333333
nswrozelle,144,47015.03497,7.256944444
nswruse,1,29000,7
nswrushcutters bay,18,30618.05556,5.777777778
nswrussell lea,1,21999,7
nswrutherford,56,33286.14286,6.839285714
nswrydalmere,47,41628.51064,14.59574468
nswryde,10,26638.9,8.6
nswsaint marys,96,22009.21875,9.708333333
nswsalamander bay,2,20400,14
nswsan remo,1,18000,8
nswsandgate,10,31095.4,9.2
nswsandigo,1,4900,16
nswsans souci,4,45879.75,10.25
nswsawtell,1,26950,7
nswscone,1,9500,13
nswseaforth,4,27995,8
nswsefton,1,3199,22
nswseven hills,129,28631.76744,8.379844961
nswshalvey,1,23000,4
nswshell cove,3,22330,8.666666667
nswshoalhaven heads,2,31350,12
nswsilverdale,4,29000,9.75
nswsilverwater,57,34826.24561,12.1754386
nswsingleton,57,32554.63158,6.210526316
nswsingleton heights,2,7500,12
nswsmeaton grange,18,45276.55556,14.77777778
nswsmithfield,35,25294.28571,5.485714286
nswsoldiers point,1,4400,11
nswsomersby,20,42242,5.45
nswsomerton park,5,60295.4,9.2
nswsouth grafton,18,28497.5,6.277777778
nswsouth gundurimba,1,92500,4
nswsouth hurstville,38,32660.42105,5.657894737
nswsouth nowra,98,28646.28571,3.969387755
nswspringfield,1,4100,19
nswspringwood,1,8500,10
nswst andrews,2,17250,8
nswst clair,6,25491.66667,8.666666667
nswst georges basin,1,20000,12
nswst ives,5,41078,7.6
nswst leonards,2,73497.5,5.5
nswst marys,4,6874,18.5
nswst peters,2,31999.5,9.5
nswstanford merthyr,1,9500,10
nswstanmore,22,25053.27273,6.181818182
nswstrathfield,2,21450,7.5
nswsuffolk park,1,6500,11
nswsurf beach,1,23000,6
nswsurry hills,20,417990,15.1
nswsutherland,119,18551.7479,11.90756303
nswsutton,2,9750,16
nswsuttons hyundai arncliffearncliffe,10,34418,4.8
nswsydney,86,44459.53488,11
nswsydney olympic park,1,21500,6
nswsylvania,131,51946.64885,6.183206107
nswtamworth,11,23586.36364,13
nswtaree,111,34605.05405,6.468468468
nswtaree south,2,14750,12.5
nswtaren point,25,19596.92,12.08
nswtaylors beach,18,29685.44444,6.944444444
nswteralba,1,7500,11
nswterrigal,3,22066.66667,8.666666667
nswthe ponds,3,42463.33333,6.666666667
nswthe rocks,3,18533.33333,12.66666667
nswthornleigh,56,41463.21429,16.51785714
nswthornton,1,25000,3
nswtikitere,1,5790,17
nswtoongabbie,1,13999,8
nswtoormina,1,7000,15
nswtoronto,1,34000,10
nswtoukley,2,9450,11.5
nswtregear,1,5000,7
nswtuggerah,101,33720.12871,6.207920792
nswtumut,2,23750,6
nswtuncurry,1,55000,57
nswtuross head,1,30000,7
nswturramurra,3,41433.33333,16.33333333
nswturrella,11,26081.81818,6.363636364
nswtweed heads,35,26948.28571,6.485714286
nswtweed heads south,69,27675.10145,7.652173913
nswulladulla,33,33596.66667,7.454545455
nswumina beach,2,7925,16
nswuranquinty,1,10000,10
nswvaucluse,1,849990,61
nswvillawood,79,31716.29114,12.56962025
nswvincentia,1,29500,7
nswvoyager point,1,14500,14
nswwagga wagga,29,31898.65517,9.827586207
nswwagstaffe,1,12000,11
nswwahroonga,3,29500,5
nswwaitara,40,30785.25,6.1
nswwakeley,1,24000,12
nswwallerawang,1,51500,5
nswwallsend,3,15166.33333,10
nswwamberal,2,7500,13
nswwanganui,1,88000,8
nswwaratah,4,8990,16.25
nswwarilla,2,31500,6
nswwarners bay,16,11740.625,11.9375
nswwarrawee,1,4399,11
nswwarren,1,25000,14
nswwarriewood,2,36250,9
nswwarrimoo,1,4999,18
nswwarwick farm,139,41457.4964,5.841726619
nswwaterloo,127,63749.52756,6.086614173
nswwattle grove,2,24500,8
nswwauchope,2,16650,7
nswwentworth point,1,25800,9
nswwentworthville,4,20622.5,8.5
nswwerrington,1,21500,6
nswwest gosford,55,38799.5,5.963636364
nswwest hoxton,1,12500,9
nswwest pennant hills,2,13600,12
nswwest ryde,107,37197.61538,14.70093458
nswwest tamworth,18,24284.11765,7.777777778
nswwest wyalong,2,38245,6
nswwestmead,2,25800,5
nswwetherill park,3,16133.33333,7
nswwhitebridge,2,26250,14
nswwickham,43,16304.76744,9.441860465
nswwilcannia,1,14270,15
nswwiley park,1,25000,7
nswwilloughby,1,53000,4
nswwindang,16,23625.75,6.8125
nswwindsor,42,29388.02381,8.904761905
nswwindsor auto group - usedmcgraths hill,9,30517.11111,4.555555556
nswwingham,1,88750,11
nswwinston hills,1,8999,14
nswwolli creek,1,12000,7
nswwollongong,128,58279.71875,6.8515625
nswwollstonecraft,1,7000,15
nswwoodrising,1,20000,12
nswwoollahra,2,8900,9
nswwoongarrah,2,24150,5.5
nswworld square,2,6300,10
nswwyoming,1,19999,8
nswyagoona,1,33500,5
nswyallah,48,39456.25,5.5625
nswyamba,2,30750,6
nswyenda,1,9800,11
nswyeoval,1,12500,68
nswyoung,12,38744.16667,5.833333333
nswyowie bay,1,21500,14
nswzetland,104,48400.28846,5.240384615
ntalice springs,1,75000,10
ntberrimah,132,31102.46212,7.25
ntberry springs,1,30000,12
ntbrinkin,3,13196.66667,9
ntcoconut grove,1,8000,9
ntcoolalinga,1,6000,17
ntdaly waters,1,9000,17
ntdarwin,61,34670.62295,6.196721311
ntgirraween,1,62000,4
ntgunn,1,29600,4
ntholtze,11,8736.090909,14.81818182
ntjingili,1,125000,6
ntkarama,1,24000,10
ntlarrakeyah,1,18500,12
ntleanyer,1,25500,13
ntludmilla,29,6609.344828,17.65517241
ntmarrara,1,1500,16
ntpalmerston,1,13500,15
ntparap,2,21000,6
ntpinelands,61,15104.7541,14.19672131
ntrapid creek,2,26999,4
ntrosebery,2,15500,12
ntstuart park,65,29199.84615,5.553846154
ntwinnellie,179,44736.22599,6.82122905
ntzuccoli,1,10000,13
qldacacia ridge,105,31149.28571,6.704761905
qldalbany creek,3,18500,9
qldalberton,8,25006.125,13.5
qldalbion,14,33495.5,9.5
qldalderley,2,29493.5,7.5
qldalexandra headland,7,19241.42857,8.714285714
qldalexandra hills,3,19500,9.666666667
qldalgester,1,13000,13
qldalligator creek,2,82500,9
qldallora,1,19750,9
qldandergrove,1,21000,4
qldannandale,2,38999.5,8.5
qldannerley,1,16500,13
qldarcherfield,135,12296.97778,13.86666667
qldaroona,1,9490,11
qldarundel,105,24226.79048,10.47619048
qldashgrove,2,13050,18
qldashmore,142,26394.49296,7.838028169
qldaspley,126,33658.09524,8.404761905
qldatherton,12,45292.5,7.916666667
qldauchenflower,3,28100,7.333333333
qldaugustine heights,2,17000,7.5
qldavenell heights,1,9000,26
qldavoca,1,57250,17
qldayr,1,69888,5
qldbahrs scrub,1,17990,6
qldbald hills,2,40750,10
qldbalmoral,1,7950,7
qldbambaroo,2,11250,10
qldbanksia beach,1,30490,7
qldbannockburn,1,10000,8
qldbanyo,7,14713.71429,12.28571429
qldbarcaldine,1,58000,8
qldbardon,3,21463.33333,11.33333333
qldbargara,2,27250,9.5
qldbaringa,18,42582.33333,8.388888889
qldbarney point,1,28000,5
qldbeachmere,4,10875,13.75
qldbeaudesert,39,24221.53846,6.512820513
qldbeenleigh,2,10495,12
qldbeerwah,3,15833.33333,6.333333333
qldbellbird park,2,12500,7
qldbellmere,1,25000,15
qldbells creek,7,15132.85714,14.57142857
qldbenowa,7,43564.28571,8.714285714
qldberserker,1,19800,4
qldbethania,1,7590,14
qldbiggera waters,12,22392.66667,14.75
qldbiloela,81,34146.81481,7.530864198
qldbirkdale,3,8233.333333,14.33333333
qldbokarina,2,6750,11
qldbonogin,1,29750,5
qldboonah,1,13000,10
qldboondall,2,31995,4.5
qldbooval,43,35545.88372,4.302325581
qldboronia heights,1,7999,12
qldbowen hills,1,25999,2
qldboyne island,1,6300,14
qldbracken ridge,4,39575,11.25
qldbrandon,1,40000,16
qldbrassall,2,10500,11
qldbray park,2,20350,9
qldbreadalbane,1,8500,12
qldbrendale,103,20043.30097,7.213592233
qldbribie island,1,65000,20
qldbridgeman downs,1,27000,7
qldbrinsmead,2,19374.5,9.5
qldbrisbane,42,18780.47619,10.38095238
qldbrisbane city,3,9666.666667,17
qldbroadbeach,1,54900,5
qldbrowns plains,1,53000,6
qldbuderim,5,25535.8,9.6
qldbulimba,3,12496.66667,13.66666667
qldbundaberg,54,31885.55556,6.240740741
qldbundaberg central,1,24200,8
qldbundaberg motor groupbundaberg,5,26590,4.6
qldbundaberg north,2,13895,24
qldbundaberg west,15,23657.33333,9.133333333
qldbundall,4,21467.5,9.25
qldbundamba,1,1400,25
qldbungalow,41,26087.56098,10.97560976
qldburleigh heads,53,36406,6.471698113
qldburleigh town,1,23600,4
qldburleigh waters,3,35466.66667,13
qldburnside,1,10999,17
qldburpengary,5,32897.8,6.4
qldburpengary east,6,26899.83333,9.166666667
qldcaboolture,27,25659.25926,7.259259259
qldcairns,192,33335.0625,6.010416667
qldcairns city,3,17666.66667,12.66666667
qldcairns north,2,44877.5,4
qldcalamvale,6,28256,10.66666667
qldcalliope,1,25990,8
qldcaloundra,3,22000,5.333333333
qldcaloundra west,20,18802.6,8.35
qldcamp hill,3,26133.33333,8
qldcannon hill,1,6000,14
qldcannonvale,2,14245,7
qldcapalaba,79,22786.48101,10.3164557
qldcarbrook,1,64000,3
qldcarina,4,11775,18.75
qldcarina heights,1,7108,9
qldcarindale,3,29290,6.666666667
qldcarrara,6,42731.66667,8
qldcashmere,2,53750,7
qldcedar creek,1,119000,2
qldcentenary heights,1,23990,13
qldchandler,45,30389.24444,8.955555556
qldchapel hill,1,12500,12
qldcharters towers,2,89990,7
qldchermside,104,22399.22115,7.413461538
qldchermside centre,1,10500,8
qldchermside south,8,15227.5,12.125
qldchermside west,4,3625,20.5
qldchevallum,4,19192,16.25
qldchinchilla,11,30583.63636,7.909090909
qldchurchill,1,15999,6
qldclayfield,2,13495,12.5
qldclear island waters,1,8800,16
qldcleveland,1,16000,8
qldclifton beach,1,18800,10
qldclinton,11,50972.36364,5
qldcloncurry,1,10890,22
qldclontarf,124,10663.79032,11.70967742
qldcollingwood park,1,36500,5
qldconway,1,4250,27
qldcoolum beach,4,29875,7.75
qldcoombabah,1,10500,10
qldcoomera,6,30066.66667,7.333333333
qldcoopers plains,96,22230.64583,11.14583333
qldcoorparoo,63,14474.84127,11.14285714
qldcornubia,1,36500,7
qldcurrimundi,77,60424,3.662337662
qldcurrumbin,1,5500,12
qldcurrumbin waters,1,7600,18
qldcurtis coast automotiveclinton,2,24990,8.5
qldd';aguilar,1,5995,10
qlddalby,27,33863.77778,7.296296296
qlddarra,26,42355.38462,4.884615385
qlddayboro,1,7000,10
qlddeagon,32,20895.55172,12.8125
qlddeception bay,1,9500,8
qlddeebing heights,4,29494.5,10.5
qlddeeragun,1,20000,3
qlddicky beach,1,11250,10
qlddiddillibah,1,5800,18
qlddoolandella,2,4450,18.5
qlddrewvale,2,12299.5,12
qlddundowran beach,1,7750,10
qlddurack,1,65000,4
qldeagle farm,156,33194.14103,6.519230769
qldeagleby,1,30000,4
qldeast brisbane,6,8965.833333,13.33333333
qldebbw vale,23,44429.91304,3.826086957
qldebenezer,1,41500,7
qldedens landing,1,7000,15
qldeight mile plains,1,8500,11
qldelanora,3,32189.33333,5.666666667
qldelimbah,4,27875,20.25
qldemerald,5,48488,3.4
qldenoggera,1,6000,14
qldeumundi,1,23500,9
qldeverton hills,35,32959.02857,7.942857143
qldeverton park,4,31825,9.5
qldfairfield,1,89990,4
qldfernvale,2,32000,6
qldferny grove,1,1800,19
qldferny hills,1,16300,7
qldflinders view,2,8750,10
qldflying fish point,1,20000,11
qldforest glen,1,97777,4
qldforest lake,1,46990,2
qldfortitude valley,38,63696.94737,3.578947368
qldgarbutt,224,30973.00446,6.919642857
qldgatton,19,30200.52632,5.473684211
qldgeebung,4,64962.25,8.25
qldgin gin,2,23750,6
qldgladstone,139,32172.72727,8.791366906
qldglass house mountains,1,79990,14
qldglenview,1,47500,6
qldgolden beach,1,28500,6
qldgoodna,1,23000,9
qldgoombungee,1,14990,14
qldgoondiwindi,16,51428.125,5.75
qldgordonvale,1,20999,6
qldgowrie junction,1,25990,4
qldgraceville,1,45900,4
qldgreenmount,2,35950,10
qldgreenslopes,17,12808.23529,10.76470588
qldgregors creek,1,15000,19
qldgriffin,4,32175,5.75
qldgympie,4,22186.25,11
qldhamilton,8,7229.75,12.75
qldharlaxton,1,17500,6
qldhawthorne,1,28500,7
qldheatley,1,22000,6
qldhelensvale,40,28723,4.625
qldhemmant,1,12600,19
qldhendra,312,30184.44231,7.288461538
qldhermit park,23,34050.34783,7.217391304
qldhervey bay,45,27125.33333,6.155555556
qldhighfields,1,43000,4
qldhillcrest,77,31037.58442,5.831168831
qldholland park,5,22833.6,11.4
qldholland park west,75,17887.52,12.97333333
qldhope island,3,23450,12.66666667
qldhunchy,1,2500,15
qldhuston motorskingaroy,1,39990,4
qldinala,1,28000,10
qldinala heights,1,9500,7
qldindooroopilly,46,42534.6087,3.52173913
qldingham,2,21750,8
qldinjune,2,39900,4
qldinkerman,1,21500,21
qldinnisfail estate,1,8000,15
qldipswich,86,24309.31395,6.895348837
qldisle of capri,1,14500,9
qldjames cook university,1,7500,17
qldjimboomba,10,17079.8,12.2
qldjoyner,2,81000,4.5
qldjulatten,2,36500,5
qldkaimkillenbun,1,140000,4
qldkalbar,1,52000,2
qldkallangur,2,15975,12
qldkangaroo point,2,35870,11
qldkaralee,1,17000,14
qldkedron,340,30850.98529,6.370588235
qldkelvin grove,3,8783.333333,12
qldkeperra,2,24250,8
qldkewarra beach,1,15000,26
qldkingaroy,15,30408,6.8
qldkings beach,3,27333.33333,4.333333333
qldkingston,4,22117.5,7.75
qldkippa-ring,56,36667.125,8.160714286
qldkirwan,3,9889.333333,14
qldkooralbyn,1,57500,13
qldkuraby,4,16245,12
qldlabrador,73,17081.16667,11.63013699
qldlakes hyundainorth lakes,6,26238.83333,7.166666667
qldlandsborough,2,19650,8.5
qldlarapinta,1,24995,6
qldlawnton,1,12500,9
qldleichhardt,4,20500,10.25
qldllewellyn hyundaibooval,8,34240,3.375
qldlockrose,1,4000,34
qldlogan reserve,2,44300,8
qldlogan village,2,9900,15.5
qldloganholme,23,16340.86957,12.86956522
qldloganlea,3,26000,11.33333333
qldlongreach,1,22990,4
qldlowood,2,18000,14
qldlutwyche,1,29800,6
qldmacgregor,5,32994.4,10.8
qldmackay,184,32365.97283,6.777173913
qldmackenzie,2,9900,12.5
qldmain beach,1,39000,4
qldmaleny,1,32500,6
qldmango hill,2,9950,9
qldmanly,1,6700,18
qldmanly west,1,48900,5
qldmansfield,47,34173.65957,7.744680851
qldmarcoola,9,21005.55556,13.66666667
qldmareeba,12,29925,6.083333333
qldmargate,3,16485,27.33333333
qldmarian,1,4000,29
qldmaroochydore,208,28018.33173,6.639423077
qldmaryborough,2,48900,10
qldmcdowall,2,36000,5
qldmermaid beach,3,16600,10.66666667
qldmerrimac,2,24500,10
qldmiami,1,15500,7
qldmiddle ridge,2,16450,11
qldmilton,1,14500,7
qldmoffat beach,13,12402.07692,16.53846154
qldmolendinar,83,29207.83133,8.927710843
qldmooloolaba,15,16295.33333,10.86666667
qldmoorooka,383,28977.2376,7.819843342
qldmorayfield,170,24480.87647,9.835294118
qldmorningside,6,41899.66667,7
qldmount coolum,1,18000,10
qldmount gravatt,139,27871.75182,5.302158273
qldmount gravatt east,1,5000,17
qldmount isa,21,42334.04762,11.19047619
qldmount louisa,15,8673.333333,17.46666667
qldmount ommaney,2,22275,7.5
qldmountain creek,1,45000,21
qldmudgeeraba,3,14816.33333,11
qldmunruben,1,18900,5
qldmurarrie,6,20648.33333,13.66666667
qldmurgon,4,21190,9.25
qldmurrumba downs,3,49533.33333,7
qldnambour,34,28356.58824,6.058823529
qldnarangba,5,16000,8
qldnathan,1,26000,17
qldnebo,1,55000,4
qldnerang,13,19222.30769,16.61538462
qldnewport,3,52996.33333,12.66666667
qldnewstead,23,72443.04348,5.47826087
qldnewtown,1,32000,7
qldninderry,1,110000,6
qldningi,1,12000,36
qldnoosa heads,2,63950,7
qldnoosaville,140,28776.32857,6.5
qldnorman park,2,47425,29
qldnormanton,1,7250,24
qldnorth lakes,109,28384.22936,5.926605505
qldnorth mackay,1,34000,7
qldnorth rockhampton,40,31537.25,6.275
qldnorthgate,16,14523.6875,10.875
qldnudgee,1,7400,16
qldnundah,119,25827.92437,6.991596639
qldoak beach,1,58500,7
qldoakey,12,40444.16667,5.666666667
qldoonoonba,1,16500,46
qldormeau,20,30104.8,8.45
qldormeau hills,1,53990,6
qldormiston,4,17162.25,9.75
qldoxenford,3,47433.33333,5.666666667
qldoxley,9,24434.44444,18.22222222
qldpacific pines,5,19780,18.6
qldpallara,1,9950,12
qldpalm beach,5,32300,7.6
qldpalm cove,1,4750,33
qldpalmview,1,24990,8
qldpalmwoods,2,85000,11
qldparadise point,2,38000,6
qldparkinson,2,26750,11.5
qldparkwood,5,23179,14.8
qldparramatta park,1,6000,22
qldparrearra,1,30999,4
qldpelican waters,4,41486.25,7.75
qldperegian beach,2,27725,19
qldpetrie,55,12194.09091,11.81818182
qldpialba,66,35840.09091,5.742424242
qldpimpama,9,21679.77778,10.88888889
qldpinkenba,187,26814.0107,6.764705882
qldpittsworth,1,6800,14
qldpoint vernon,1,48990,6
qldpomona,3,25495,8.666666667
qldport of brisbane,6,54500,5.166666667
qldpullenvale,1,7395,12
qldqueens beach,2,7000,7
qldrasmussen,1,14500,8
qldredbank plains,3,12000,15
qldredcliffe,45,16539.93333,10.31111111
qldredcliffe north,1,7725,9
qldredland bay,2,68250,6
qldredlynch,1,28000,3
qldreedy creek,10,21019.8,9.6
qldrichlands,3,16900,9.666666667
qldrichmond hill,1,18950,6
qldripley,1,50000,6
qldriverhills,5,18372,9.2
qldriverside centre,1,7490,18
qldrobertson,1,6500,15
qldrobina,113,36605.0354,5.946902655
qldrochedale south,3,17000,12.33333333
qldrockhampton,38,68159.05405,4.973684211
qldrockhampton north,1,7500,18
qldrocklea,73,27406.90411,5.493150685
qldroma,6,41741.66667,7.5
qldrothwell,17,34811.17647,5.882352941
qldruncorn,2,21250,10
qldsadliers crossing,1,53995,5
qldsalisbury,145,33231.37931,5.137931034
qldsandgate,2,5000,19
qldsaunders beach,1,40000,5
qldscenic motorsbeaudesert,1,20500,3
qldseventeen mile rocks,27,10992.22222,10.25925926
qldshailer park,1,14250,4
qldsherwood,1,25999,5
qldshorncliffe,1,10500,12
qldsilkstone,2,34000,3
qldsippy downs,1,13500,12
qldslacks creek,377,19074.23936,12.68965517
qldsouth bank,1,13500,9
qldsouth brisbane,1,8250,11
qldsouthport,515,38258.16342,8.568932039
qldspring hill,2,8745,13.5
qldspring mountain,1,4500,15
qldspringfield,3,9700,9.333333333
qldspringfield lakes,1,29000,8
qldspringwood,294,33021.59864,7.112244898
qldst george,1,12000,15
qldst lucia,3,3983,17
qldstafford heights,1,7299,12
qldstanthorpe,23,9564.347826,15.13043478
qldstapylton,1,74590,3
qldsteiglitz,2,5500,15
qldstratford,1,41500,7
qldstrathpine,74,14787.43243,11.71621622
qldstretton,2,20225,13.5
qldsumner,38,28207.63158,9.526315789
qldsunnybank,1,16499,9
qldsunnybank hills,21,24498.71429,9
qldsunrise beach,1,27500,27
qldsurfers paradise,9,12544.33333,11.88888889
qldtallai,1,27400,12
qldtamborine mountain,2,6970,17
qldtanah merah,1,42800,4
qldtanawha,1,16000,10
qldtaringa,1,48193,1
qldtarragindi,2,12300,16
qldtewantin,2,13874.5,18
qldthe gap,3,21933,9.333333333
qldthornlands,8,21070,9.875
qldthuringowa central,1,19000,5
qldtieri,1,10000,10
qldtingalpa,12,20901.58333,6.416666667
qldtoowoomba,285,28325.75439,7.168421053
qldtoowoomba city,199,24427.51256,8.442211055
qldtoowoomba south,1,39990,5
qldtownsville,209,33962.39423,5.679425837
qldtownsville city,40,28982.575,9.225
qldtrinity earlville used carscairns,11,25090.90909,4.272727273
qldtugun,16,9990,11.9375
qldturkey beach,1,27500,11
qldunderwood,152,18574.74342,11.71710526
qldupper coomera,3,43433.33333,7.666666667
qldupper kedron,3,13333.33333,9
qldupper mount gravatt,22,37771.72727,3.954545455
qldvarsity lakes,1,52000,3
qldvictoria point,3,12829.66667,11.66666667
qldvirginia,28,32816.78571,10.14285714
qldwacol,19,19056.78947,11.47368421
qldwakerley,2,14250,9
qldwamuran,2,6500,13
qldwandal,1,41990,5
qldwarana,12,16902.75,12.75
qldwarner,1,35500,15
qldwarwick,55,33598.36957,5.763636364
qldwellington point,2,26500,4.5
qldwest end,2,18449.5,10
qldwest ipswich,2,39990,3
qldwestlake,2,21000,5.5
qldwhite rock,1,39950,6
qldwhitfield,1,55000,7
qldwilsonton,1,8300,14
qldwindsor,20,20564.9,8.9
qldwishart,4,31549.5,7.5
qldwithcott,1,13500,9
qldwolvi,1,53000,6
qldwoodhill,3,24833.33333,11.33333333
qldwoodridge,77,38696.92,9.272727273
qldwoody point,1,35990,9
qldwoolloongabba,28,36088.28571,4.428571429
qldwoongoolba,8,18137.5,10.25
qldworongary,3,24000,23.33333333
qldwurtulla,1,28000,21
qldwynnum,63,26600.63492,6.047619048
qldwynnum west,2,9495,16
qldwyreema,1,3500,18
qldyamanto,28,31132.85714,7.071428571
qldyandina creek,1,29500,9
qldyarrabilba,1,16999,13
qldyatala,1,7000,11
qldyeronga,3,29493.33333,9.666666667
saadelaide,169,39562.97041,6.106508876
saalbert park,27,28594.07407,6.851851852
saaldgate,2,8650,14
saaldinga,3,11366.66667,8
saaldinga beach,5,20250,19.6
saallenby gardens,13,20728.61538,10.46153846
saandrews farm,3,20496.33333,10
saangaston,1,129200,4
saangle vale,1,35500,4
saascot park,1,22800,5
saashford,2,34000,13
saauldana,1,18000,21
sabalaklava,2,27490,7.5
sabedford park,1,9000,24
sabelair,1,26000,6
sabellevue heights,5,18370,10.6
sabeverley,25,9251.12,13.44
sabirkenhead,1,43900,21
sablack forest,1,29990,5
sablackwood,1,35000,5
sablair athol,143,12016.88811,14.61538462
sablakeview,4,10800,10
sablyth,1,13500,10
sabordertown,5,40292,3.8
sabowden,1,4500,12
sabridgewater,29,29800.34483,3.344827586
sabrighton,19,21095.78947,12.89473684
sabroadview,13,19106.61538,18.53846154
saburton,51,33531.88235,5.647058824
sacallington,1,13500,7
sacamden park,3,11633.33333,19.66666667
sacampbelltown,1,15800,8
sacheltenham,62,30763.09677,4.967741935
sachristies beach,129,25690.1938,7.248062016
saclare,7,34348.57143,9.428571429
saclarence gardens,4,25442.25,10.5
saclarendon,1,16400,9
saclearview,28,6899.535714,15.64285714
sacleve,1,30386,9
sacockatoo valley,1,53500,5
sacoober pedy,2,13215,30.5
sacoonalpyn,2,55490,15
sacraigmore,1,6999,9
sacroydon,3,8500,19
sacroydon park,1,15000,10
sacumberland park,2,8450,13
sadarlington,38,7842.631579,18.26315789
sadavoren park,1,9500,8
sadernancourt,1,4000,18
saechunga,1,23000,3
saeden hills,3,16666.66667,10.33333333
saedwardstown,44,31159.47727,8.75
saelizabeth,57,31623.17544,5.421052632
saelizabeth east,1,10700,13
saelizabeth north,1,4500,19
saelizabeth south,1,3400,20
saenfield,130,16672.23077,10.84615385
saevanston,2,11500,9
saevanston gardens,3,27333.33333,4
saevanston park,2,9000,12
safelixstow,1,44990,7
safindon,1,33000,8
saflagstaff hill,1,24950,11
saflaxman valley,1,74000,5
safrewville,1,38000,12
safulham,1,7750,14
safullarton,7,59275.71429,5.285714286
sagawler,158,30752.72152,5.088607595
sagawler south,2,27695,7.5
sagepps cross,101,17435.33663,11.58415842
sagilles plains,4,12488,14.25
sagillman,1,2800,23
saglandore,1,22000,6
saglenelg,27,20087.7037,10.77777778
saglenelg east,6,7232.5,14.33333333
saglenelg south,64,36715.125,4.96875
saglengowrie,1,6000,17
sagolden grove,1,4500,19
sagoodwood,31,29503.22581,6.032258065
sagoolwa,8,12740,10.125
sagrange,2,23745,9
sagreen fields,2,20900,10
sagreenacres,1,11500,9
sagreenwith,5,23060,7.6
sahackham,2,15250,17
sahackney,2,24000,7
sahahndorf,1,6000,22
sahallett cove,3,16266.66667,13.66666667
sahampstead gardens,8,12602.25,12.125
sahawthorn,30,63120.16667,4.6
sahawthorndene,1,34750,10
sahewett,1,750,19
sahillbank,1,29999,4
sahillcrest,108,30257.23148,5.027777778
sahindmarsh,34,22409.76471,8.088235294
saholden hill,7,14094.28571,10.57142857
sahuntfield heights,1,39000,12
sahyde park,10,46074.3,4.9
saingle farm,26,25813.65385,6.269230769
sajoslin,1,29500,9
sakadina,14,26704.28571,7.857142857
sakaroonda,2,21000,6
sakensington,1,24500,4
sakensington gardens,1,24900,16
sakensington park,1,28500,11
sakeswick,1,11000,17
sakilkenny,1,14900,11
sakingston se,1,14500,9
saklemzig,98,16544.38776,11.30612245
salanghorne creek,1,38500,2
salargs bay,1,8000,11
salewiston,1,23000,15
salockleys,1,24950,5
salonsdale,25,9059.04,14
salower hermitage,1,35000,11
saloxton,15,30018.26667,6.333333333
salyndoch,3,10120,10.33333333
samacclesfield,1,39950,5
samagill,1,18500,11
samalvern,18,57894.22222,5
samarion,2,11500,11.5
samarleston,2,8799.5,18
samaslin beach,1,53500,2
samawson lakes,28,10387.82143,13.10714286
samaylands,1,22500,5
samclaren flat,1,3200000,11
samclaren vale,1,33500,3
sameadows,1,8000,11
samedindie,11,43435.27273,4
samedindie gardens,4,23240,16
samelrose park,54,27794.77778,7.907407407
samile end,162,30860.81481,7.660493827
samile end south,31,44917.22581,4.870967742
samillswood,1,18500,11
samoana,6,17600,10.66666667
samodbury,1,36000,5
samodbury heights,5,29560,6.6
samontacute,1,5500,12
samorphett vale,189,17958.17989,11
samorphettville,1,26999,9
samount barker,25,30594.04,7.76
samount compass,3,6733.333333,19.33333333
samount gambier,211,55344.68246,5.881516588
samount osmond,1,36000,22
samount pleasant,1,2300,17
samunno para,2,6000,13.5
samunno para downs,1,6000,13
samunno para west,2,29950,12
samurray bridge,60,27176.03333,8.133333333
samylor,2,5200,17
sanailsworth,50,29496.4,5.82
sanairne,1,8500,12
sanaracoorte,11,31402.72727,7.181818182
sanetherby,1,7500,18
sanewton,2,47750,5
sanoarlunga downs,2,5300,13
sanormanville,1,16500,10
sanorth haven,1,15800,8
sanorthgate,1,31000,8
sanorthpoint fleurieuvictor harbor,4,32880,3.25
sanuriootpa,54,27011.11111,6.537037037
sao';halloran hill,1,7500,14
saold reynella,1,34999,19
saosborne,1,35000,10
saottoway,18,11367.16667,11.38888889
sapara hills,1,34000,4
sapara hills west,34,31812,4.823529412
saparadise,2,14990,9
saparafield gardens,7,21320,10
saparalowie,3,33333.33333,10
sapark holme,12,18429.08333,10.08333333
saparkside,36,69336.08333,4.027777778
sapayneham,8,8228.75,14.625
sapennington,1,3500,15
sapenola,1,10200,9
sapeter page  usedelizabeth,12,32490,3.833333333
sapeterhead,1,15000,10
sapinnaroo,2,42000,3
saplympton park,7,6262.428571,14.57142857
sapooraka,38,22894.39474,14.78947368
saport adelaide,1,35500,1
saport augusta,1,56880,4
saport elliot,1,9000,10
saport noarlunga south,1,68000,12
saprospect,136,24815.75735,9.639705882
saqueenstown,6,40156.66667,41
saredwood park,2,8000,14.5
saregency park,1,27500,6
sarenmark,2,18750,11.5
sarenown park,2,36999.5,5.5
sareynella,65,32912.58462,4.461538462
sareynella hyundai usedreynella,3,24323.33333,3.333333333
sarose park,1,43000,6
sarosslyn park,1,23000,7
sarundle mall,1,6200,15
sasaint marys,12,17996.33333,6
sasalisbury,21,7694.047619,12.71428571
sasalisbury downs,3,33000,5.666666667
sasalisbury east,1,23500,15
sasalisbury heights,2,33450,14
sasandy creek,1,5000,12
saseaford,5,20526,23.4
saseaford rise,2,15500,10.5
saseaton north,3,30656.66667,8
sasheidow park,2,9095,22
sasmithfield,1,14000,6
sasmithfield plains,1,25990,5
sasomerton park,68,28801.77941,10.36764706
sasouth plympton,4,6700,18
sast agnes,1,6999,20
sast georges,1,61900,3
sast marys,19,43300.57895,5.105263158
sasteinborner automotive barossanuriootpa,13,27912.30769,5.692307692
sastirling,1,22500,9
sastrathalbyn,27,25841.37037,6.222222222
sasturt street,1,7500,9
satanunda,2,6500,14.5
satea tree gully,1,2550,12
satennyson,1,21000,9
sathebarton,43,34241.39535,5.837209302
satorrensville,13,13786.69231,13.76923077
satotness,63,40916.25397,18.82539683
satranmere,1,39000,7
satrinity gardens,5,26536,22
satunkalilla,1,7000,9
saunley,3,25833.33333,9
saunley park,9,60443.55556,4.555555556
savalley view,25,23155.6,7.24
saverdun,6,11156.66667,9.5
savictor harbor,21,22234.47619,8.285714286
savirginia,1,6000,13
sawaikerie,2,41990,5.5
sawayville,40,31006.9,6.35
sawelland,1,14500,9
sawest croydon,11,23348.18182,18.54545455
sawest lakes,1,3600,13
sawest lakes shore,1,117500,2
sawhyalla,2,13250,14
sawhyte yarcowie,1,22000,6
sawillunga,1,11500000,11
sawindsor gardens,76,14791.06579,14.31578947
sawoodcroft,3,22000,13
sawoodville,9,16610.22222,9.444444444
sawoodville park,16,23985.625,26.875
sawoodville west,1,27990,3
sawynn vale,4,28072.5,7.5
sayundi,1,14500,24
tasacacia hills,1,3500,19
tasaustins ferry,3,33000,5.666666667
tasbagdad,1,26000,8
tasbrighton,2,31750,13.5
tasburnie,4,20674.75,7.25
tascalder,1,30000,9
tascambridge,1,7500,17
tascamdale,83,32730.96386,6.843373494
tascampania,1,50000,3
tasclaremont,1,11000,12
tasclarendon vale,1,4000,13
tascressy,1,12800,8
tasdeloraine,2,24000,3
tasderwent park,178,31402.71348,7.43258427
tasdevonport,150,29528.16,7.34
tasdodges ferry,1,39000,2
tasdowsing point,1,27950,7
tasglenorchy,82,24468.29268,7.829268293
tasgreat bay,1,10900,11
tashadspen,1,28990,5
tashawley beach,1,42900,4
tashobart,241,35008.41494,5.912863071
tashowrah,3,29833.33333,16.66666667
tasinvermay,42,22297.5,7.357142857
taskings meadows,4,26695,6.5
taskingston,1,6000,16
taskingston beach,1,12500,10
taslaunceston,409,38865.89242,6.04400978
taslindisfarne,3,19166.66667,14
taslongford,1,10350,11
taslutana,2,10700,16.5
tasmargate,5,27790,6.8
tasmole creek,1,10000,16
tasmoonah,41,30003.73171,7.487804878
tasmornington,1,19500,8
tasmowbray,15,11670.33333,13.66666667
tasnorth hobart,65,34738.35385,7.215384615
tasnorwood,1,10500,8
tasrocherlea,11,12899.90909,17.63636364
tasrokeby,1,20000,10
tasrose bay,1,27500,8
tasrosetta,2,16149.5,9
tassandy bay,3,9666.666667,12
tasseven mile beach,1,25000,14
tassmithton,1,3350,16
tassqueaking point,1,25000,10
tasst leonards,1,6500,16
tasst marys,1,3200,20
tastea tree,1,3000,16
tastrevallyn,1,29000,4
tasulverstone,1,48850,4
taswest hobart,5,33892,19.8
tasyoungtown,17,10520,14.41176471
vicabbotsford,1,18990,10
vicaberfeldie,1,6500,12
vicairport west,10,21035,11.3
vicalbert park,1,17500,7
vicalfredton,2,8950,22
vicalphington,29,8387.931034,14.44827586
vicaltona,1,23350,5
vicaltona east,1,5500,9
vicaltona north,102,29426.7451,8.519607843
vicarmstrong creek,2,3450,18
vicascot vale,2,56750,4
vicashburton,1,9000,13
vicaspendale,5,13419.6,10.4
vicavalon,2,9300,9
vicavondale heights,3,11263,14.66666667
vicbacchus marsh,3,28633.33333,10.33333333
vicbairnsdale,21,30581.52381,6.476190476
vicballarat,216,32617.2037,7.402777778
vicbalnarring,1,6200,9
vicbalwyn,43,57443.95349,5.790697674
vicbalwyn east,1,7520,9
vicbangholme,1,28500,7
vicbannockburn,1,8000,15
vicbaranduda,1,25000,6
vicbayswater,58,14738.17241,12.5
vicbayswater north,30,9343.933333,15.5
vicbeaconsfield,2,10832.5,16.5
vicbeaumaris,3,51960,12
vicbelgrave,2,18900,6
vicbelgrave heights,1,115000,8
vicbenalla,18,37629.44444,5.722222222
vicbendigo,107,31664.52336,9.355140187
vicbentleigh,44,65127.84091,4.022727273
vicbentleigh east,29,33507.13793,6.275862069
vicberwick,694,48634.83718,5.041786744
vicberwick hyundaiberwick,10,22578.2,6.5
vicbeveridge,1,12500,12
vicblack hill,1,2200,18
vicblack rock,4,124888,29
vicblackburn,30,31833.66667,7.466666667
vicblackburn north,1,9800,13
vicbochara,1,6500,9
vicbonbeach,1,3000,20
vicboort,1,109000,4
vicboronia,2,13925,11
vicbox hill,1,10990,9
vicbox hill north,2,7500,11
vicbox hill south,2,12000,14
vicbraeside,66,22865.15152,11.59090909
vicbraybrook,107,11284.82243,13.48598131
vicbreakwater,1,9000,13
vicbriar hill,7,12856.14286,15
vicbright,1,17500,5
vicbrighton,2,40495,9.5
vicbrighton east,2,30495,7.5
vicbroadmeadows,2,19400,14.5
vicbrookfield,2,2750,22.5
vicbrooklyn,248,26929.58704,7.685483871
vicbrunswick,1,15800,8
vicbrunswick west,2,19000,10.5
vicbruthen,1,29500,2
vicbulla,1,72900,2
vicbundoora,181,35084.28729,4.972375691
vicburnside,1,10000,32
vicburwood,36,36713.52778,7.666666667
vicburwood east,5,25879.8,11.4
vicbyaduk,1,10880,8
viccamberwell,92,39682.28261,4.641304348
viccampbellfield,31,15856,13.90322581
viccardinia,1,36000,5
viccarlton,1,6000,17
viccarnegie,11,32545.36364,11.27272727
viccaroline springs,48,24208.95833,7.083333333
viccarrum,1,10950,9
viccarrum downs,5,14000,12.6
viccastlemaine,2,9645,13
viccaulfield,3,26679.66667,10
viccaulfield north,1,12000,16
viccaulfield south,1,17000,7
viccavendish,1,22000,14
vicchadstone,2,34245,9.5
vicchadstone centre,1,14999,10
vicchelsea,1,22000,5
vicchelsea heights,1,12000,12
viccheltenham,288,20254.57639,10.53125
viccheltenham east,1,56800,3
vicchirnside park,1,35000,11
vicclarinda,1,30000,13
vicclayton,6,20166.5,8.5
vicclayton south,4,15012.5,11
vicclifton hill,2,15500,13.5
vicclifton springs,2,18450,10
vicclyde,3,14000,6
vicclyde north,4,16434.75,10
viccobram,33,37746.03333,5.454545455
viccoburg,46,23000.15217,11.54347826
viccoburg north,135,23838.22222,8.007407407
viccockatoo,1,12000,10
viccolac,1,41500,9
viccolac west,52,43240,4.75
viccoleraine,1,1500,22
viccollingwood,1,22500,7
viccorinella,1,4100,20
viccowes,7,19885.71429,15.42857143
viccraigieburn,16,28923.125,8.8125
viccranbourne,110,28189.72727,6.145454545
viccranbourne east,2,41200,5
viccranbourne hyundaicranbourne,7,25768.57143,4.714285714
viccranbourne north,5,12279.8,12.8
viccranbourne west,3,8993.333333,12.66666667
viccrib point,1,46500,12
viccroydon,9,21514.44444,7.777777778
vicdandenong,217,19537.90783,9.534562212
vicdandenong north,1,9700,14
vicdandenong south,30,31353.46667,7.6
vicdarraweit guim,1,16888,15
vicdeer park,233,35741.88412,6.090128755
vicderrimut,19,26075.57895,6.105263158
vicdiggers rest,2,950,21
vicdingley village,16,20726.8125,5.125
vicdocklands,5,18398,13.2
vicdonald,1,20000,9
vicdoncaster,21,23579.2381,6.952380952
vicdoncaster east,6,17733.33333,12.83333333
vicdonvale,2,21874.5,9
vicdoreen,7,21035.71429,8.285714286
vicdromana,1,16999,7
vicdrouin,2,45875,14
vicdunkeld,1,4000,11
viceast bendigo,1,5500,17
viceast melbourne,1,8999,14
vicechuca,52,27752.11538,6.269230769
vicedithvale,1,25000,5
vicelsternwick,273,38270.05861,4.450549451
viceltham,3,17833.33333,9
viceltham north,1,10000,12
vicelwood,2,21195,7.5
vicemerald,1,12000,37
vicendeavour hills,4,14000,13.25
vicepping,185,53780.02703,5.221621622
vicepsom,92,44509.43478,4.902173913
vicessendon,8,39366.25,6.375
vicessendon fields,131,40832.10687,4.297709924
vicessendon hyundai-usedessendon fields,16,30500.625,4.25
vicessendon north,28,29141.32143,5.642857143
viceuroa,2,31950,3
vicfairfield,3,64460,4.333333333
vicfawkner,176,19873.45714,10.70454545
vicferntree gully,217,32962.45161,5.723502304
vicfitzroy,3,11966.66667,17
vicflemington,1,20000,5
vicfootscray,1,6990,19
vicfrankston,258,35859.12016,5.046511628
vicfrankston south,1,7500,22
vicfrankston subaru/hyundai - used carsseaford,2,25740,4.5
vicgardenvale,7,32533.71429,6.285714286
vicgeelong,426,48863.84161,5.312206573
vicgisborne,2,39250,4
vicglen huntly,1,39999,3
vicglen iris,1,26995,4
vicglen waverley,105,36111.70476,5.228571429
vicglenroy,6,22000,7.666666667
vicgolden square,18,28350.88889,7.833333333
vicgormandale,1,62750,3
vicgrantville,1,13500,12
vicgreensborough,2,10500,14
vicgreenvale,5,28300,11.6
vicgrovedale,5,36360,4.4
vichallam,30,50073.1,5.933333333
vichamilton,10,37618,7.4
vichamlyn heights,2,21000,7
vichampton park,7,15748.57143,9.571428571
vichastings,68,27578.91176,8.058823529
vichattah,2,5345,14.5
vichawthorn,2,14499.5,10.5
vichawthorn east,15,36224,5.933333333
vicheatherton,3,14500,13
vicheathmont,1,13950,13
vicheidelberg,38,32708.65789,4.684210526
vicheidelberg west,5,15472,10.2
vichighton,1,57000,4
vichillside,2,32950,7
vichoppers crossing,724,26366.29972,8.468232044
vichorsham,6,30149.83333,7
vichuntingdale,2,14097,13.5
vichurstbridge,1,32000,2
vicinvergordon,1,6500,12
vicinvermay,3,37160,5
vicivanhoe,2,29250,8.5
vicjunortoun,1,13900,5
vickangaroo flat,2,20250,10
vickealba,3,11663.33333,16.33333333
vickeilor east,4,17420,13.25
vickennington,1,29500,4
vickensington,1,15000,7
vickew,1,7990,13
vickeysborough,49,36508.36735,4.204081633
vickialla,4,35115,5.5
vickilmore,49,40627.04651,4.346938776
vickilsyth,1,8000,14
vickilsyth south,1,29990,10
vicknoxfield,2,30425,7.5
vickoroit,3,7266.666667,18
vickurunjang,3,5800,22.33333333
vickyabram,3,10000,17.33333333
viclakes entrance,3,7666.666667,10.33333333
viclalor,3,19333,8.333333333
viclancefield,1,25000,10
viclangwarrin,2,20000,7
viclara,5,27176,6.8
viclaverton,2,6500,14
viclaverton north,186,32234.76374,12.2311828
vicleopold,2,10000,16
viclilydale,116,29313.37069,7.974137931
viclilydale hyundai cjd & ldvlilydale,1,62980,2
viclynbrook,1,38800,4
viclysterfield south,2,14850,16.5
vicmacarthur,1,16900,7
vicmacclesfield,1,27500,43
vicmacleod,2,9375,13.5
vicmaidstone,87,15325.6092,10.97701149
vicmalvern,14,51770,5.642857143
vicmansfield,3,29933.33333,6
vicmantello hyundairoxburgh park,8,40288.125,1
vicmaribyrnong,8,14485.125,11.875
vicmaryknoll,1,3500,15
vicmccrae,1,12500,13
vicmelbourne,154,39379.97403,7.519480519
vicmelbourne airport,2,39500,18
vicmelton,31,22071.93548,7.387096774
vicmelton south,3,14000,10
vicmentone,65,39593.4,5.338461538
vicmerino,2,6390,14
vicmernda,5,41995.8,4.2
vicmickleham,5,27879.6,12.4
vicmildura,4,30962.25,4.75
vicmill park,8,24456.25,9.125
vicminyip,1,12500,16
vicmitcham,31,53878.03226,24.80645161
vicmoe,2,9950,13
vicmont albert,1,21999,7
vicmontmorency,1,19000,7
vicmoolap,1,50000,5
vicmoorabbin,423,32052.34679,8.153664303
vicmoorilim,1,7780,14
vicmooroolbark,1,7999,12
vicmooroopna,1,3000,19
vicmorang south,2,15945,11
vicmordialloc,83,9790.325301,12.40963855
vicmorgiana,1,4470,15
vicmornington,302,49885.10927,6.28807947
vicmortlake,1,7500,15
vicmorwell,21,17972.2381,12.04761905
vicmount eliza,7,21694.28571,10.71428571
vicmount evelyn,1,33000,5
vicmount martha,3,17833,10.33333333
vicmount pleasant,29,7109.655172,16.62068966
vicmount waverley,2,10000,10
vicmulgrave,110,64938.25455,5.072727273
vicmurgheboluc,1,15000,5
vicnarre warren,171,34174.84795,4.573099415
vicnarre warren north,2,33450,7.5
vicnarre warren south,3,17266.66667,9
vicnewborough,2,32500,13.5
vicnewport,1,12500,11
vicnewtown,34,15319.70588,11.85294118
vicniddrie,1,15200,8
vicnoble park,4,36247.5,8.5
vicnoble park north,1,28990,13
vicnorlane,5,23638,31.2
vicnorth geelong,42,7879.428571,14.97619048
vicnorth melbourne,1,11199,6
vicnorth warrandyte,1,2950,19
vicnorth wonthaggi,1,17500,2
vicnorthcote,3,11956.66667,13
vicnunawading,55,30134.92727,5.6
vicoak park,2,23750,8
vicoaklands junction,1,3000,29
vicoakleigh,175,36690.6,5.96
vicoakleigh east,2,14000,12
vicoakleigh south,50,24257.3,13.1
vicofficer,37,21087.02703,9.648648649
vicormond,1,3300,11
vicpakenham,241,25956.95436,7.809128631
vicparkdale,2,33250,7
vicparkville,2,37799.5,4
vicpascoe vale,5,42013.6,16.4
vicpascoe vale south,1,34500,5
vicpatterson lakes,1,20000,7
vicpaynesville,1,1500,23
vicpines forest,2,7500,14
vicplumpton,2,3500,15
vicpoint cook,7,23080,7.285714286
vicpoint leo,1,33000,6
vicpoint lonsdale,1,34000,4
vicport melbourne,343,52086.74052,8.437317784
vicportarlington,1,3850,17
vicportland,1,4000,12
vicprahran,1,9999,4
vicpreston,101,26842.17822,8.782178218
vicprinces hill,1,24500,5
vicrainbow,1,4780,18
vicravenhall,236,28275.74569,6.987288136
vicreservoir,2,14495,10.5
vicrichmond,70,211533.7429,6.328571429
vicringwood,525,22373.2729,10.89714286
vicringwood north,1,18000,11
vicrockbank,5,13856,12.6
vicromsey,3,6000,16.33333333
vicrosanna,3,14066.33333,12.66666667
vicrosebud,3,19333.33333,13.66666667
vicrosedale,2,31500,14
vicrowville,4,18325,11.5
vicroxburgh park,4,24112.5,9.5
vicrushworth,1,46000,7
vicrutherglen,1,16000,6
vicsafety beach,1,21000,6
vicsale,65,18876.89231,10.10769231
vicsandhurst,2,83500,2
vicsandringham,1,15500,6
vicsea lake,2,21500,5
vicseaford,181,30013.75843,8.116022099
vicsebastopol,42,32512.14286,5.142857143
vicseymour,77,27794.27273,7.675324675
vicshepparton,83,33431.62195,8.445783133
vicskye,5,11299,13.6
vicsomerton,1,40000,3
vicsorrento,1,74999,6
vicsouth geelong,16,10865,13.0625
vicsouth melbourne,157,40338.98726,7.070063694
vicsouth morang,109,31436.30275,5.651376147
vicsouthbank,45,47991.66667,6.133333333
vicspotswood,1,21000,8
vicspringvale,103,28744.94175,8
vicspringvale south,1,41000,5
vicst albans,10,8549.4,13.6
vicst arnaud,1,22500,12
vicst kilda east,4,28647,6.25
vicst kilda west,1,16999,9
vicst leonards,1,2000,24
vicstrathmore,1,40700,5
vicsunbury,77,31742.80519,5.818181818
vicsunshine,11,9873.636364,13.45454545
vicsunshine north,1,5500,13
vicsunshine west,2,29400,8
vicsurrey hills,1,23999,10
vicswan hill,51,34147.78431,6.098039216
vicswan reach,1,2000,16
vicsydenham,3,10366.66667,18
victarneit,10,14178.8,10.9
victaylors hill,2,6500,8
victeesdale,2,9824,11
victemplestowe,3,7463,17
victemplestowe lower,2,30250,12
victhe basin,1,14000,13
victhomastown,143,26396.78322,10.94405594
victhornbury,1,15750,9
victoorak,2,5900,22.5
victorquay,3,28083.33333,10
victottenham,29,39176.2069,4.517241379
victraralgon,187,27342.45455,8.07486631
victruganina,6,16733.33333,9
victullamarine,41,60302.43902,6.073170732
vicupper ferntree gully,49,20559.77551,8.93877551
vicupwey,1,36490,8
vicvermont,39,41487.97436,4.230769231
vicvermont south,4,10625,16.75
vicviewbank,1,31990,3
vicviolet town,2,14995,13
vicwallan,4,33424.75,7.75
vicwandin north,2,11590,11
vicwangaratta,40,32668.725,5.575
vicwantirna,66,33724.54545,5.424242424
vicwarburton,1,17500,10
vicwarracknabeal,1,58000,6
vicwarragul,29,34726.55172,5.344827586
vicwarrandyte,1,20000,10
vicwarrenheip,1,23000,9
vicwarrnambool,43,41769.74419,7.418604651
vicwaterways,1,102000,5
vicwatsonia,14,8885,17.14285714
vicwendouree,99,19213.25253,9.333333333
vicwerribee,148,17083.40816,11.93243243
vicwest footscray,207,17147.48792,11.95652174
vicwest motorscobram,1,18990,5
vicwest wodonga,4,29240,4.25
vicwestmeadows,2,21450,12.5
vicwheelers hill,5,19020,8
vicwhittlesea,2,110000,2
vicwilliams landing,2,26250,6
vicwilliamstown,3,40666,11
vicwilliamstown north,7,10565.28571,12.42857143
vicwodonga,204,36791.14706,6.68627451
vicwollert,3,28100,8
vicwonthaggi,1,35000,3
vicwoodvale,1,25500,5
vicwyndham vale,6,19416.5,11
vicyan yean,1,36000,6
vicyarra glen,1,45000,8
vicyarragon,1,12000,15
vicyarram,14,27683.57143,7.142857143
vicyarraville,3,28663.33333,8
vicyarrawonga,2,78000,4
vicyinnar,1,60000,22
waalbany,15,30046.53333,5.866666667
waalexander heights,1,22990,9
waalkimos,1,11000,7
waapplecross,22,47349.09091,7.909090909
waardross,1,990,20
waascot,2,48990,5
waattadale,43,36624.76744,5.441860465
waaubin grove,2,28749.5,4.5
waaveley,1,36500,11
wabalcatta,55,37195.27273,5.727272727
wabaldivis,10,24513,11.6
wabalga,1,20000,9
waballajura,4,42897.25,6.75
wabanksia grove,3,22516.66667,7
wabassendean,24,28615.41667,3.916666667
wabateman,1,38000,9
wabayswater,94,51732.93617,9.276595745
wabeaconsfield,9,16383.88889,12.55555556
wabeckenham,153,13997.84967,11.70588235
wabedford,2,5875,15
wabeechboro,1,45000,2
wabeeliar,1,25000,9
wabeldon,1,26000,11
wabellevue,15,17100.13333,12.33333333
wabelmont,2,10950,12.5
wabentley,832,44796.55649,5.284855769
waberesford,2,55300,4
wabibra lake,74,39025.33784,6.378378378
wabicton,1,15500,14
wabroome,10,29479.8,5.7
wabull creek,1,83000,12
wabunbury,42,29229.04762,6.952380952
waburns beach,1,35000,7
waburswood,5,35383,11
wabusselton,16,37178.125,6.125
wabutler,6,14033.33333,11.66666667
wabyford,7,34500,12
wacanning vale,267,34358.44944,6.112359551
wacannington,346,33170.7341,6.404624277
wacarine,1,18000,10
wacarlisle,1,6590,9
wacarramar,1,92500,7
wacaversham,1,8900,10
waclaremont,2,78700,8.5
waclarkson,114,31974.0614,6.043859649
wacloverdale,1,46990,2
wacollie,5,22392,8.6
wacomo,58,26994.03448,13.53448276
waconnolly,1,16000,14
wacoogee,1,13500,10
wacoolbellup,2,15250,10.5
wadarch,1,10500,9
wadarlington,1,28500,6
wadayton,2,9500,14
wadianella,1,17950,9
wadudley park,9,43323.33333,4.666666667
waduncraig,3,40833.33333,8
wadunsborough,2,36500,11.5
waeast bunbury,23,21163.91304,9.565217391
waeast fremantle,2,29750,8.5
waeast perth,1,8000,12
waeast rockingham,1,5990,15
waeast victoria park,21,13203.80952,13.14285714
waeaton,1,17800,12
waedgewater,193,34913.25389,5.777202073
waellenbrook,48,27365.8125,9.270833333
waembleton,13,8913.076923,13.23076923
wafalcon,1,117000,54
waforrestfield,1,9500,15
wafremantle,49,32082.93878,8.204081633
wageraldton,13,30376.15385,9.153846154
waglen forrest,2,16900,13
waglendalough,2,22000,11
wagooseberry hill,1,15000,7
wagosnells,71,32929.85915,6
wagreenfields,84,32480.47619,5.773809524
wagwelup,1,42500,10
wahalls head,3,16800,16
wahamilton hill,1,6000,14
waharrisdale,2,32500,5.5
waharvey,11,22171.81818,6.818181818
wahaynes,1,17990,8
wahazelmere,1,6500,14
waheathridge,3,12550,15.33333333
wahigh wycombe,3,14933.33333,9.333333333
wahighgate,2,8050,9
wahillarys,2,18000,5
wahocking,1,7000,16
wainglewood,1,21990,11
wajandakot,246,51179.9878,5.471544715
wajane brook,2,30950,9.5
wajarrahdale,1,46950,47
wajindalee,1,59999,13
wajohn hughes passengervictoria park,153,23031.5098,4.078431373
wajoondalup,6,22050,13
wakalamunda,29,35404.13793,6.413793103
wakalgoorlie,1,23000,9
wakallaroo,2,6000,12.5
wakarrinyup,2,17495,15
wakelmscott,1,10500,11
wakenwick,212,25337.57075,9.273584906
wakewdale,2,38199.5,9
wakiara,1,7990,12
wakingsley,141,38252.36879,6.432624113
wakinross,1,16000,8
wakwinana beach,1,30000,18
wakwinana town centre,1,15000,39
walake clifton,2,26000,19
walandsdale,6,16825,11.33333333
walathlain,2,19500,12
wamaddington,359,34940.30641,6.440111421
wamadeley,1,6500,16
wamaida vale,2,12161.5,12.5
wamalaga,34,16521.79412,10.97058824
wamandurah,86,25917.60465,9.337209302
wamanjimup,1,27500,11
wamanning,2,14950,14
wamargaret river,13,15510,11.15384615
wamarmion,2,29250,8
wamaylands,10,12992,12.2
wamedina,1,7000,12
wamelville,298,40799.95302,5.463087248
wamelville - hyundaimelville,18,29682.66667,4.666666667
wamerriwa,1,21000,9
wamidland,311,47411.24759,5.353697749
wamorley,121,28283.86777,6.363636364
wamount claremont,1,38990,10
wamount hawthorn,2,12895,8.5
wamount lawley,27,9931.259259,14.40740741
wamunster,1,11500,32
wamurdoch,2,6225,19.5
wamyaree,108,35366.24074,8.574074074
wanannup,1,6000,20
wanedlands,9,145377.7778,7
wanollamara,5,10320,12
wanoranda,2,16000,16.5
wanorth coogee,4,17192.25,8.25
wanorth lake,2,18494.5,9.5
wanorth perth,2,20100,12.5
wanortham,6,27656.66667,6.333333333
wanorthbridge,46,35309.56522,3.739130435
waorelia,2,12750,14.5
waosborne park,529,49175.08696,6.686200378
wapalmyra,22,34626.36364,4.409090909
wapearsall,1,8500,11
wapeppermint grove,1,52500,5
waperth,37,46562.48649,11.45945946
waperth airport,20,24080.55,5.3
wapinjarra,2,9975,42
waqueens park,1,5300,17
wariverton,2,8050,12.5
warivervale,3,19766.66667,12
warockingham,411,28139.60097,6.96107056
warossmoyne,1,49500,2
wasaint james,25,13230,12.68
wasalter point,2,35700,12
wascarborough,3,24166.66667,11.66666667
waseville grove,2,53000,15
washoalwater,1,5500,18
wasinagra,1,15500,17
wasomerville,1,30000,8
wasorrento,3,25245,9.333333333
wasouth bunbury,7,21100.85714,6.142857143
wasouth fremantle,13,11297.69231,11.76923077
wasouth guildford,1,29500,6
wasouth lake,1,19999,12
wasouth perth,2,26625,9
wasouthern river,2,67997.5,5
waspearwood,2,51750,34
wast james,1,53990,5
wastirling,1,23000,6
wasubiaco,3,16500,12
wathe vines,3,29500,9.333333333
wathornlie,3,12000,11.66666667
watuart hill,1,90000,7
wavictoria park,1243,27154.20676,8.484312148
wawaikiki,1,4400,17
wawangara,1108,24928.04422,9.694043321
wawanneroo,58,33957.77586,6.051724138
wawarnbro,2,43000,12
wawarwick,1,109900,1
wawaterford,1,33550,8
wawattle grove,1,5500,20
wawebberton,4,34240,7.5
wawedgefield,1,4000,20
wawellard,1,3500,14
wawelshpool,598,35612.61204,8.372909699
wawembley,1,5675,13
wawest perth,54,21290.48148,10.48148148
wawestminster,2,27125,10.5
wawhite gum valley,1,15500,6
wawilletton,4,36050,10.75
wawilliams,1,37500,9
wawilson,3,12399,11.33333333
wawinthrop,1,32000,10
wawonthella,3,33323.33333,6.333333333
wawoodvale,3,19833.33333,8.666666667
wayangebup,7,12491.42857,11.42857143
wayokine,2,24400,9
(blank),,,
Grand Total,52286,31852.12902,8.128409134
